country,shortener,shipping fee,register fee,first weight,first weight fee
Korea,KR,61,6.7,0,0
Japan,JP,63.6,7.6,0,0
Australia,AU,68.7,7.6,0,0
Singapore,SG,69.7,0.6,0,0
Netherlands,NL,71.8,20.6,0,0
Greece,GR,72.3,9.8,0,0
Switzerland,CH,73.3,7.6,0,0
Italy,IT,73.3,7.6,0,0
Norway,NO,73.9,7.6,0,0
Sweden,SE,73.9,7.6,0,0
Austria,AT,74.9,7.6,0,0
Belgium,BE,74.9,7.6,0,0
Germany,DE,74.9,7.6,0,0
Denmark,DK,74.9,7.6,0,0
Finland,FI,74.9,7.6,0,0
Portugal,PT,74.9,7.6,0,0
France,FR,75.9,7.6,0,0
United Kingdom,UK,75.9,8.8,0,0
Christmas Island,CX,77.5,7.6,0,0
Cocos (Keeling) Islands,CC,77.5,7.6,0,0
Norfolk Island,NF,77.5,7.6,0,0
New Zealand,NZ,77.5,7.6,0,0
Czech Republic,CZ,77.5,7.6,0,0
Ireland,IE,77.5,7.6,0,0
Kazakhstan,KZ,77.5,6.7,0,0
Lithuania,LT,77.5,6.7,0,0
Territory of Heard Island and McDonald Islands,HM,77.5,7.6,0,0
Cyprus,CY,77.5,6.7,0,0
Serbia,SRB,77.5,6.7,0,0
Lebanon,LB,77.5,6.7,0,0
South Africa,ZA,77.5,6.7,0,0
Bulgaria,BG,77.5,6.7,0,0
United States,US,78,7.6,0,0
Canada,CA,78.5,7.6,0,0
Croatia,HR,80.6,7.6,0,0
HunGary,HU,80.6,7.6,0,0
Israel,IL,81.6,7.6,0,0
Romania,RO,82.1,6.7,0,0
Poland,PL,82.6,7.6,0,0
Turkey,TR,82.6,6.7,0,0
Mexico,MX,82.6,6.7,0,0
Chile,CL,86.2,6.7,0,0
Malaysia,MY,91.9,0.6,0,0
Indonesia,ID,91.9,0.6,0,0
Thailand,TH,91.9,0.6,0,0
Negara Brunei Darussalam,BN,96,0.6,0,0
Hong Kong,HK,96,0.6,0,0
Philippines,PH,96,0.6,0,0
Taiwan,TW,96,0.6,0,0
Argentina,AR,96.5,6.7,0,0
Vietnam,VN,98.1,0.6,0,0
India,IN,106.8,0.6,0,0
American Samoa,AS,113.5,0.6,0,0
Bangladesh,BD,113.5,0.6,0,0
Bhutan,BT,113.5,0.6,0,0
Cook Islands,CK,113.5,0.6,0,0
Fiji,FJ,113.5,0.6,0,0
French Polynesia,PF,113.5,0.6,0,0
Guam,GU,113.5,0.6,0,0
Cambodia,KH,113.5,0.6,0,0
Kiribati,KI,113.5,0.6,0,0
Lao People's Democratic Republic,LA,113.5,0.6,0,0
Maldives,MV,113.5,0.6,0,0
The Republic of Marshall Islands,MH,113.5,0.6,0,0
Micronesia,FM,113.5,0.6,0,0
Mongolia,MN,113.5,0.6,0,0
Myanmar,MM,113.5,0.6,0,0
Nauru,NR,113.5,0.6,0,0
Nepal,NP,113.5,0.6,0,0
New Caledonia,NC,113.5,0.6,0,0
Niue,NU,113.5,0.6,0,0
Northern Mariana Islands,MP,113.5,0.6,0,0
Pakistan,PK,113.5,0.6,0,0
Palau,PW,113.5,0.6,0,0
Papua New Guinea,PG,113.5,0.6,0,0
Samoa,WS,113.5,0.6,0,0
Solomon Islands,SB,113.5,0.6,0,0
Sri Lanka,LK,113.5,0.6,0,0
Timor-leste,TLS,113.5,0.6,0,0
Tokelau,TK,113.5,0.6,0,0
Tonga,TO,113.5,0.6,0,0
Tuvalu,TV,113.5,0.6,0,0
Vanuatu,VU,113.5,0.6,0,0
Pitcairn Islands,PN,113.5,0.6,0,0
Macau,MO,113.5,0.6,0,0
Slovakia,SK,123.3,0.6,0,0
Colombia,CO,127.9,0.6,0,0
Aland Islands,ALA,129,0.6,0,0
Albania,AL,129,0.6,0,0
Andorra,AD,129,0.6,0,0
Armenia,AM,129,0.6,0,0
Azerbaijan,AZ,129,0.6,0,0
Bailiwick of Guernsey,GGY,129,0.6,0,0
Bosnia and Herzegovina,BA,129,0.6,0,0
Canary Islands,IC,129,0.6,0,0
Estonia,EE,129,0.6,0,0
Faroe Islands,FO,129,0.6,0,0
Georgia,GE,129,0.6,0,0
Gibraltar,GI,129,0.6,0,0
Greenland,GL,129,0.6,0,0
Iceland,IS,129,0.6,0,0
Isle of Man,IM,129,0.6,0,0
Jersey,JEY,129,0.6,0,0
Kyrgyzstan,KG,129,0.6,0,0
Latvia,LV,129,0.6,0,0
Liechtenstein,LI,129,0.6,0,0
Luxembourg,LU,129,0.6,0,0
Macedonia,MK,129,0.6,0,0
Malta,MT,129,0.6,0,0
Monaco,MC,129,0.6,0,0
Montenegro,MNE,129,0.6,0,0
Republic of Moldova,MD,129,0.6,0,0
San Marino,SM,129,0.6,0,0
Slovenia,SI,129,0.6,0,0
South Georgia and The South Sandwich Islands,SGS,129,0.6,0,0
Svalbard and Jan Mayen,SJ,129,0.6,0,0
Tajikistan,TJ,129,0.6,0,0
The Vatican City State,VA,129,0.6,0,0
Turkmenistan,TM,129,0.6,0,0
United States Minor Outlying Islands,UM,129,0.6,0,0
Uzbekistan,UZ,129,0.6,0,0
Caribbean Netherlands,BQ,129,0.6,0,0
British Indian Ocean Territory,IO,129,0.6,0,0
Alderney,GBA,129,0.6,0,0
Kosovo,KS,129,0.6,0,0
Saint Martin£¨France£©,MAF,129,0.6,0,0
Afghanistan,AF,143.4,0.6,0,0
Algeria,DZ,143.4,0.6,0,0
Angola,AO,143.4,0.6,0,0
Anguilla,AI,143.4,0.6,0,0
Antarctica,AQ,143.4,0.6,0,0
Antigua and Barbuda,AG,143.4,0.6,0,0
Aruba,AW,143.4,0.6,0,0
Bahrain,BH,143.4,0.6,0,0
Barbados,BB,143.4,0.6,0,0
Belize,BZ,143.4,0.6,0,0
Benin,BJ,143.4,0.6,0,0
Bermuda,BM,143.4,0.6,0,0
Bolivia,BO,143.4,0.6,0,0
Botswana,BW,143.4,0.6,0,0
Burkina Faso,BF,143.4,0.6,0,0
Burundi,BI,143.4,0.6,0,0
Cameroon,CM,143.4,0.6,0,0
Cape Verde,CV,143.4,0.6,0,0
Cayman Islands,KY,143.4,0.6,0,0
Central African Republic,CF,143.4,0.6,0,0
Chad,TD,143.4,0.6,0,0
Comoros,KM,143.4,0.6,0,0
The Republic of Congo,CG,143.4,0.6,0,0
Costa Rica,CR,143.4,0.6,0,0
The Democratic Republic Of The Congo,ZR,143.4,0.6,0,0
Djibouti,DJ,143.4,0.6,0,0
Dominica,DM,143.4,0.6,0,0
Dominican Republic,DO,143.4,0.6,0,0
Ecuador,EC,143.4,0.6,0,0
Egypt,EG,143.4,0.6,0,0
El Salvador,SV,143.4,0.6,0,0
Equatorial Guinea,GQ,143.4,0.6,0,0
Eritrea,ER,143.4,0.6,0,0
Ethiopia,ET,143.4,0.6,0,0
Falkland Islands (Islas Malvinas),FK,143.4,0.6,0,0
Gabon,GA,143.4,0.6,0,0
Gambia,GM,143.4,0.6,0,0
Ghana,GH,143.4,0.6,0,0
Grenada,GD,143.4,0.6,0,0
Guadeloupe,GP,143.4,0.6,0,0
Guinea,GN,143.4,0.6,0,0
Guinea-bissau,GW,143.4,0.6,0,0
Guyana,GF,143.4,0.6,0,0
Guyana,GY,143.4,0.6,0,0
Haiti,HT,143.4,0.6,0,0
Honduras,HN,143.4,0.6,0,0
Iraq,IQ,143.4,0.6,0,0
Cote D'Ivoire,CI,143.4,0.6,0,0
Jamaica,JM,143.4,0.6,0,0
Jordan,JO,143.4,0.6,0,0
Kenya,KE,143.4,0.6,0,0
Kuwait,KW,143.4,0.6,0,0
Lesotho,LS,143.4,0.6,0,0
Liberia,LR,143.4,0.6,0,0
Libya,LY,143.4,0.6,0,0
Madagascar,MG,143.4,0.6,0,0
Malawi,MW,143.4,0.6,0,0
Mali,ML,143.4,0.6,0,0
Martinique,MQ,143.4,0.6,0,0
Mauritania,MR,143.4,0.6,0,0
Mauritius,MU,143.4,0.6,0,0
Mayotte,YT,143.4,0.6,0,0
Montserrat,MS,143.4,0.6,0,0
Morocco,MA,143.4,0.6,0,0
Mozambique,MZ,143.4,0.6,0,0
Namibia,NA,143.4,0.6,0,0
Netherlands Antilles,AN,143.4,0.6,0,0
Niger,NE,143.4,0.6,0,0
Nigeria,NG,143.4,0.6,0,0
Oman,OM,143.4,0.6,0,0
Panama,PA,143.4,0.6,0,0
Paraguay,PY,143.4,0.6,0,0
Peru,PE,143.4,0.6,0,0
Puerto Rico,PR,143.4,0.6,0,0
Qatar,QA,143.4,0.6,0,0
Reunion,RE,143.4,0.6,0,0
Rwanda,RW,143.4,0.6,0,0
Saint Helena,SH,143.4,0.6,0,0
Saint Kitts and Nevis,KN,143.4,0.6,0,0
Saint Lucia,LC,143.4,0.6,0,0
Saint Pierre and Miquelon,PM,143.4,0.6,0,0
Saint Vincent and the Grenadines,VC,143.4,0.6,0,0
Sao Tome and Principe,ST,143.4,0.6,0,0
Senegal,SN,143.4,0.6,0,0
Seychelles,SC,143.4,0.6,0,0
Sierra Leone,SL,143.4,0.6,0,0
Sint Maarten (Netherlands),SX,143.4,0.6,0,0
Somalia,SO,143.4,0.6,0,0
Suriname,SR,143.4,0.6,0,0
Swaziland,SZ,143.4,0.6,0,0
The Commonwealth of The Bahamas,BS,143.4,0.6,0,0
Togo,TG,143.4,0.6,0,0
Trinidad and Tobago,TT,143.4,0.6,0,0
Tunisia,TN,143.4,0.6,0,0
Turks and Caicos Islands,TC,143.4,0.6,0,0
Uganda,UG,143.4,0.6,0,0
United Republic of Tanzania,TZ,143.4,0.6,0,0
Uruguay,UY,143.4,0.6,0,0
Venezuela,VE,143.4,0.6,0,0
British Virgin Islands,VG,143.4,0.6,0,0
U.S.Virgin Islands,VI,143.4,0.6,0,0
Wallis And Futuna,WF,143.4,0.6,0,0
Western sahara,EH,143.4,0.6,0,0
Zambia,ZM,143.4,0.6,0,0
Zanzibar,EAZ,143.4,0.6,0,0
Zimbabwe,ZW,143.4,0.6,0,0
South Sudan,SS,143.4,0.6,0,0
Bouvet Island,BV,143.4,0.6,0,0
French Southern Territories,TF,143.4,0.6,0,0
Palestine,PS,143.4,0.6,0,0
Ascension Island,ASC,143.4,0.6,0,0
Saint Barthelemy,BLM,143.4,0.6,0,0
Curacao,CW,143.4,0.6,0,0
,,,,0,0
,,,,0,0
,,,,0,0
,,,,0,0
,,,,0,0
,,,,0,0
,,,,0,0
,,,,0,0
,,,,0,0
